FID,Long,Lat,SC
0,373373.5679,6390659.915,LF
1,379204.6976,6400629.451,LF
2,379065.6365,6400554.591,LF
3,371968.4021,6391851.725,LF
4,373068.6306,6391097.358,LF
5,378760.46,6394892.671,LF
6,378844.8929,6395981.436,LF
7,373680.3571,6390963.193,LF
8,375139.8975,6386080.517,LF
9,376112.6873,6391887.419,LF
10,379167.4415,6400291.927,LF
11,378898.8171,6400910.715,LF
12,371854.5121,6391803.691,LF
13,373133.8446,6391356.547,LF
14,372181.75,6391682.59,LF
15,371868.2292,6391853.766,LF
16,377842.4611,6379122.849,LF
17,378774.3424,6400562.154,LF
18,373100.8241,6391148.774,LF
19,378869.3114,6400632.049,LF
20,372898.3507,6391129.563,LF
21,379683.4302,6392080.812,LF
22,378964.3061,6400311.647,LF
23,379812.4604,6397035.396,LF
24,371557.0459,6392090.384,LF
25,379057.522,6401459.271,LF
26,372950.1395,6390379.536,LF
27,371312.4751,6392350.03,LF
28,375020.3614,6384992.352,LF
29,379608.0739,6399504.449,LF
30,379201.0612,6400619.428,LF
31,378998.1195,6400544.904,LF
32,371091.8472,6392353.835,LF
33,371531.6792,6392092.275,LF
34,376109.95,6392183.441,LF
35,379585.9368,6399704.875,LF
36,379117.0328,6400265.815,LF
37,378988.0569,6400600.222,LF
38,378914.7036,6399753.321,LF
39,379650.7646,6398922.844,LF
40,371222.6402,6391965.209,LF
41,378803.7609,6394883.217,LF
42,383115.2375,6394687.351,LF
43,379225.268,6400248.273,LF
44,379025.1282,6400486.464,LF
45,375027.8218,6384995.772,LF
46,372875.1885,6391105.982,LF
47,378902.8022,6400891.914,LF
48,372001.091,6391791.158,LF
49,381707.1193,6393571.952,M2
50,382472.8767,6394945.921,M2
51,376359.7977,6390578.743,M2
52,378559.054,6392310.019,M2
53,382587.4298,6392709.725,M2
54,379546.7743,6393994.074,M2
55,381229.2894,6392549.508,M2
56,379640.4915,6398761.945,M2
57,377892.3061,6392798.631,M2
58,381528.5139,6390431.928,M2
59,379781.3621,6392988.997,M2
60,382553.7902,6392537.465,M2
61,380765.3278,6395403.572,M2
62,381024.2413,6392349.698,M2
63,381182.9821,6392181.943,M2
64,380746.4007,6392586.992,M2
65,382223.2619,6390880.352,M2
66,381117.8038,6391350.673,M2
67,378761.6887,6395642.24,M2
68,377073.6202,6392814.083,M2
69,381052.0383,6391750.167,M2
70,377508.5411,6392863.783,M2
71,378851.7984,6394792.878,M2
72,373890.0224,6388930.016,M2
73,374558.6575,6386724.101,M2
74,382192.4758,6391182.69,M2
75,382122.5153,6394007.078,M2
76,373994.4235,6390246.421,M2
77,382375.6318,6393717.342,M2
78,382474.8565,6391907.849,M2
79,382345.7129,6391796.556,M2
80,379665.0458,6397346.304,M2
81,379609.3303,6399009.941,M2
82,379123.2855,6396330.755,M2
83,383115.2375,6394687.351,M2
84,382450.3482,6390404.03,M2
85,373725.7056,6389309.377,JM
86,374169.785,6388546.567,JM
87,374112.9105,6388518.128,JM
88,374355.0189,6386871.227,JM
89,379445.232,6400079.062,JM
90,379295.8251,6400161.53,JM
91,379615.2219,6398832.604,JM
92,379601.4746,6396699.107,JM
93,377088.7605,6392499.364,JM
94,374474.2969,6387760.914,JM
95,379576.8687,6397884.119,JM
96,373299.552,6391462.885,JM
97,379619.7458,6397520.949,JM
98,373179.3519,6391320.534,JM
99,373082.8704,6391165.733,JM
100,379014.5041,6396164.226,JM
101,379635.0509,6393835.471,JM
102,373652.2569,6389403.807,JM
103,379528.3156,6399965.857,JM
104,379070.4497,6393715.549,JM
105,373100.8241,6391148.774,JM
106,375997.4604,6392172.064,JM
107,379595.4965,6398520.794,JM
108,379560.8164,6399840.954,JM
109,378902.8022,6400891.914,JM
110,378914.7036,6399753.321,JM
111,379526.8691,6400007.974,JM
112,373194.3296,6391249.759,JM
113,376566.0414,6380233.654,JM
114,380684.961,6393957.846,JM
115,375746.9565,6383588.787,JM
116,373007.7048,6390575.426,JM
117,378930.1974,6396225.298,JM
118,379117.0328,6400265.815,JM
119,371890.2174,6391654.456,JM
120,379694.6979,6398706.048,JM
121,375044.3973,6386739.078,JM
122,379069.7163,6400605.645,JM
123,379656.8682,6397869.559,JM
124,377066.5712,6378800.582,JM
125,373173.6415,6391105.347,JM
126,379599.3506,6397888.825,JM
127,379679.0896,6397349.799,JM
128,373293.897,6391021.494,JM
129,373443.4836,6386633.481,JM
130,379650.7646,6398922.844,JM
131,375900.4149,6383164.908,JM
132,373120.5785,6391071.406,JM
133,372906.512,6390415.572,JM
134,379167.4415,6400291.927,JM
135,376534.9639,6382660.521,JM
136,379665.753,6397053.589,JM
137,375694.7896,6384386.501,AM1
138,377114.6571,6377793.239,AM1
139,379123.2855,6396330.755,AM1
140,379650.7646,6398922.844,AM1
141,372993.5438,6391031.534,AM1
142,372864.2363,6391228.924,AM1
143,374383.0214,6391058.557,AM1
144,379609.169,6398789.288,AM1
145,371672.635,6392006.49,AM1
146,378129.2495,6396226.649,AM1
147,374022.2862,6389007.09,AM1
148,376567.1948,6392019.459,AM1
149,371742.6926,6391959.711,AM1
150,377842.4611,6379122.849,AM1
151,379697.1095,6398661.726,AM1
152,375139.8975,6386080.517,AM1
153,373890.0224,6388930.016,AM1
154,373443.4836,6386633.481,AM1
155,374476.083,6391866.961,AM1
156,374837.5111,6387301.989,AM1
157,378247.5472,6392378.296,AM1
158,379683.4302,6392080.812,AM1
159,372961.1139,6391212.417,AM1
160,375172.9576,6386511.161,AM1
161,374845.8743,6387607.025,AM1
162,378792.6293,6377228.401,AM1
163,379594.9579,6399579.689,AM1
164,374110.3623,6388497.027,AM1
165,379609.3303,6399009.941,AM1
166,376179.9146,6381579.421,AM1
167,373250.6767,6390139.416,AM1
168,375531.0173,6385033.125,AM1
169,373795.4844,6389208.248,AM1
170,381117.8038,6391350.673,AM1
171,379812.4604,6397035.396,AM1
172,380928.5524,6393053.755,AM1
173,379526.5528,6396682.681,AM1
174,373216.248,6391075.95,AM1
175,378562.5212,6378418.698,AM1
176,374971.6435,6386332.33,AM1
177,377892.3061,6392798.631,AM1
178,377446.4538,6392569.184,AM1
179,376671.618,6381017.807,AM1
180,377335.0099,6390259.25,AM1
181,373432.8085,6389541.846,AM1
182,374112.9105,6388518.128,AM1
183,378156.9402,6390268.219,AM1
184,375981.0394,6383016.22,AM1
185,376566.0414,6380233.654,AM1
186,383115.2375,6394687.351,AM1
187,377261.4449,6378732.027,M1
188,375027.8218,6384995.772,M1
189,377208.1439,6379252.524,M1
190,377567.4132,6377711.234,M1
191,372906.512,6390415.572,M1
192,378806.4286,6377940.443,M1
193,375427.7769,6391943.202,M1
194,377663.0888,6379302.491,M1
195,376717.3845,6379973.846,M1
196,375807.5725,6382489.573,M1
197,372864.2363,6391228.924,M1
198,374163.1766,6388772.687,M1
199,377872.3634,6378977.959,M1
200,378357.9856,6376905.955,M1
201,378485.5384,6390486.231,M1
202,375527.7458,6384095.005,M1
203,379683.4302,6392080.812,M1
204,377872.3634,6378977.959,M1
205,377757.3669,6392014.154,M1
206,378562.5212,6378418.698,M1
207,374009.6919,6389632.317,M1
208,379609.3303,6399009.941,M1
209,376750.5807,6381832.676,M1
210,377265.7742,6380202.404,M1
211,378792.6293,6377228.401,M1
212,376364.3849,6381598.35,M1
213,378357.9856,6376905.955,M1
214,376423.6983,6392465.647,M1
215,376717.3845,6379973.846,M1
216,378528.8389,6374662.644,M1
217,382228.8623,6394780.054,M1
218,383216.1412,6395049.996,M1
219,378485.5384,6390486.231,M1
220,374009.6919,6389632.317,M1
221,377506.7829,6379207.422,M1
222,374558.6575,6386724.101,M1
223,375027.8218,6384995.772,M1
224,376409.1898,6381765.233,M1
225,377737.7595,6376892.79,M1
226,379657.348,6391831.015,M1
227,382345.7129,6391796.556,M1
228,379665.0458,6397346.304,M1
229,374111.9799,6387478.022,M1
230,379683.4302,6392080.812,M1
231,381182.9821,6392181.943,M1
232,382450.3482,6390404.03,M1
233,377053.6853,6380068.938,M1
234,377335.0099,6390259.25,M1
235,378792.6293,6377228.401,M1
236,379611.0915,6399487.853,M1
246,381404.3172,6392827.681,AM1
247,374239.0828,6388928.883,AM1
248,375992.9367,6384017.651,AM1
249,371742.6926,6391959.711,AM1
250,378822.0013,6400582.689,AM1
251,375694.7896,6384386.501,AM1
252,379123.2855,6396330.755,AM1
253,376112.6873,6391887.419,AM1
254,375020.3614,6384992.352,AM1
255,374837.5111,6387301.989,AM1
256,379585.9368,6399704.875,AM1
257,377066.5712,6378800.582,AM1
258,372993.5438,6391031.534,AM1
259,374845.8743,6387607.025,AM1
260,374383.0214,6391058.557,AM1
261,377114.6571,6377793.239,AM1
262,379594.9579,6399579.689,AM1
263,377446.4538,6392569.184,AM1
264,377757.3669,6392014.154,AM1
265,373432.8085,6389541.846,AM1
266,373784.885,6388785.645,AM1
267,372539.6849,6391435.462,AM1
268,379679.0896,6397349.799,AM1
269,373490.0938,6390277.735,AM1
270,376179.9146,6381579.421,AM1
271,377842.4611,6379122.849,AM1
272,372860.6327,6391143.497,AM1
273,381445.7873,6393524.5,AM1
274,373216.248,6391075.95,AM1
275,376092.0892,6391581.127,AM1
276,374973.0445,6386743.727,AM1
277,379609.169,6398789.288,AM1
278,377892.3061,6392798.631,AM1
279,371855.2557,6391804.255,AM1
280,371672.635,6392006.49,AM1
281,378562.5212,6378418.698,AM1
282,373443.4836,6386633.481,AM1
283,374110.3623,6388497.027,AM1
284,378851.7984,6394792.878,AM1
285,379942.2,6391947.546,AM1
286,379609.3303,6399009.941,AM1
287,373250.6767,6390139.416,AM1
288,381117.8038,6391350.673,AM1
289,374112.9105,6388518.128,AM1
290,379812.4604,6397035.396,AM1
291,380928.5524,6393053.755,AM1
292,379546.7743,6393994.074,AM1
293,376187.1004,6391941.566,AM1
294,383115.2375,6394687.351,AM1
295,374971.6435,6386332.33,AM1
296,374476.083,6391866.961,AM1
297,372864.2363,6391228.924,AM1
298,379683.4302,6392080.812,AM1
299,378792.6293,6377228.401,AM1
300,376364.3849,6381598.35,AM1
301,375981.0394,6383016.22,AM1
302,375807.5725,6382489.573,AM1
303,374022.2862,6389007.09,AM1
304,371172.0633,6392465.756,AM1
305,371714.0144,6391927.185,AM1
306,376566.0414,6380233.654,AM1
307,375900.4149,6383164.908,AM1
308,371905.0577,6391887.504,AM1
309,377208.1439,6379252.524,M1
310,377073.6202,6392814.083,M1
311,377872.3634,6378977.959,M1
312,374619.9097,6385659.274,M1
313,377160.2093,6379490.332,M1
314,376566.0414,6380233.654,M1
315,376534.9639,6382660.521,M1
316,376364.3849,6381598.35,M1
317,377265.7742,6380202.404,M1
318,377842.4611,6379122.849,M1
319,377261.4449,6378732.027,M1
320,377872.3634,6378977.959,M1
321,376326.7322,6382288.69,M1
322,374355.0189,6386871.227,M1
323,379599.3506,6397888.825,M1
324,376872.4719,6379789.484,M1
325,374558.6575,6386724.101,M1
326,373890.0224,6388930.016,M1
327,375527.5403,6382987.269,M1
328,376750.5807,6381832.676,M1
329,373432.8085,6389541.846,M1
330,379683.4302,6392080.812,M1
331,378562.5212,6378418.698,M1
332,377737.7595,6376892.79,M1
333,377506.7829,6379207.422,M1
334,378792.6293,6377228.401,M1
335,383115.2375,6394687.351,M1
336,382450.3482,6390404.03,M1
337,375900.4149,6383164.908,M1
338,374009.6919,6389632.317,M1
339,383586.6512,6394916.833,AF2
340,386226.1593,6394458.283,AF2
341,382320.6986,6392564.657,AF2
342,386149.5833,6394423.038,AF2
343,382228.8623,6394780.054,AF2
344,372950.5676,6391082.548,AF2
345,379665.0458,6397346.304,AF2
346,379420.6515,6393943.764,AF2
347,379611.0915,6399487.853,AF2
348,379577.3342,6399873.308,AF1
349,380765.3278,6395403.572,AF1
350,376139.5158,6391465.289,AF1
351,377654.5172,6394279.315,AF1
352,379517.3735,6398067.463,AF1
353,379752.2935,6397665.579,AF1
354,374971.6435,6386332.33,AF1
355,374110.3623,6388497.027,AF1
356,379517.9369,6397786.943,AF1
357,374476.083,6391866.961,AF1
358,379810.3237,6396978.821,AF1
359,374478.0594,6387090.112,AF1
360,373152.5324,6391141.67,AF1
361,376977.6527,6392071.099,AF1
362,379225.268,6400248.273,AF1
363,379785.1617,6399274.73,AF1
364,379604.1375,6399207.244,AF1
365,379622.2512,6398170.736,AF1
366,379707.7215,6398482.228,AF1
367,379052.3801,6400563.301,AF1
368,371503.3647,6392177.292,AF1
369,379000.1715,6400452.899,AF1
370,379710.963,6397198.277,AF1
371,379640.6017,6398596.735,AF1
372,379626.9517,6398482.365,AF1
373,380585.652,6391588.254,AF1
374,378924.0177,6401234.789,AF1
375,382040.4813,6394673.604,AF1
376,375611.9925,6386359.2,AF1
377,379022.4408,6401174.995,AF1
378,379650.7646,6398922.844,AF1
379,379201.0612,6400619.428,AF1
380,379378.323,6400097.105,AF1
381,381707.1193,6393571.952,AF1
382,379025.1282,6400486.464,AF1
383,379599.3506,6397888.825,AF1
384,377519.2745,6394896.375,AF1
385,374558.6575,6386724.101,AF1
386,373270.8102,6390918.079,AF1
387,379069.7163,6400605.645,AF1
388,378822.1221,6400572.712,AF1
389,372808.6146,6390586.195,AF1
390,378869.3114,6400632.049,AF1
391,379609.3303,6399009.941,AF1
392,378936.0375,6400707.146,AF1
393,379594.9579,6399579.689,AF1
394,383115.2375,6394687.351,AF1
395,373183.4339,6391073.315,AF1
396,382375.6318,6393717.342,M2
397,382223.2619,6390880.352,M2
398,379420.9457,6396719.106,M2
399,381538.8363,6393751.799,M2
400,378708.7481,6395517.411,M2
401,381246.1416,6393105.218,M2
402,382562.967,6392475.481,M2
403,382378.6995,6393058.755,M2
404,381445.7873,6393524.5,M2
405,378247.5472,6392378.296,M2
406,379609.3303,6399009.941,M2
407,376386.884,6391119.078,M2
408,379546.7743,6393994.074,M2
409,378708.9355,6392565.76,M2
410,381819.2037,6392588.667,M2
411,379420.6515,6393943.764,M2
412,381206.8568,6391516.946,M2
413,379650.7646,6398922.844,M2
414,377073.6202,6392814.083,M2
415,374476.083,6391866.961,M2
416,377446.4538,6392569.184,M2
417,377519.2745,6394896.375,M2
418,382345.7129,6391796.556,M2
419,382192.4758,6391182.69,M2
420,376359.7977,6390578.743,M2
421,382474.8565,6391907.849,M2
422,382450.3482,6390404.03,M2
423,382587.4298,6392709.725,M2
424,373890.0224,6388930.016,M2
425,383115.2375,6394687.351,M2
426,379611.0915,6399487.853,M2
427,379123.2855,6396330.755,M2
428,381117.8038,6391350.673,M2
429,379594.9579,6399579.689,M2
430,375900.4149,6383164.908,M2
431,377299.9397,6379637.317,M1
432,376004.4976,6382864.601,M1
433,375223.1843,6384973.829,M1
434,377502.8165,6379377.026,M1
435,373083.0376,6391145.221,M1
436,377313.302,6380528.989,M1
437,376489.43,6380438.947,M1
438,375981.0394,6383016.22,M1
439,375527.7458,6384095.005,M1
440,376187.1004,6391941.566,M1
441,376750.5807,6381832.676,M1
442,375807.5725,6382489.573,M1
443,377053.6853,6380068.938,M1
444,376534.9639,6382660.521,M1
445,377842.4611,6379122.849,M1
446,373007.7048,6390575.426,M1
447,376717.3845,6379973.846,M1
448,376326.7322,6382288.69,M1
449,374619.9097,6385659.274,M1
450,376386.884,6391119.078,M1
451,376364.3849,6381598.35,M1
452,373890.0224,6388930.016,M1
453,378792.6293,6377228.401,M1
454,377663.0888,6379302.491,M1
455,374163.1766,6388772.687,M1
456,378545.2184,6376462.495,M1
457,374355.0189,6386871.227,M1
458,373082.8704,6391165.733,M1
459,374009.6919,6389632.317,M1
460,377265.7742,6380202.404,M1
461,379683.4302,6392080.812,M1
462,374112.9105,6388518.128,M1
463,374070.9714,6389164.052,M1
464,377737.7595,6376892.79,M1
465,375900.4149,6383164.908,M1
466,379851.9617,6391881.04,AM2
467,378663.9849,6393792.668,AM2
468,379288.5096,6396566.71,AM2
469,374223.8291,6391253.924,AM2
470,373158.7407,6391096.286,AM2
471,376798.1908,6380563.643,AM2
472,371531.6792,6392092.275,AM2
473,371440.7692,6392227.492,AM2
474,375194.7975,6384096.378,AM2
475,378839.1682,6393744.9,AM2
476,378708.9355,6392565.76,AM2
477,379608.0739,6399504.449,AM2
478,376187.1004,6391941.566,AM2
479,373183.4339,6391073.315,AM2
480,373083.0376,6391145.221,AM2
481,373194.3296,6391249.759,AM2
482,373795.4844,6389208.248,AM2
483,375883.9078,6382008.179,AM2
484,374163.1766,6388772.687,AM2
485,372876.2796,6391241.275,AM2
486,376109.95,6392183.441,AM2
487,379579.3887,6392224.81,AM2
488,378851.7984,6394792.878,AM2
489,382122.5153,6394007.078,AM2
490,377508.5411,6392863.783,AM2
491,379614.2794,6394156.774,AM2
492,374290.3208,6391041.866,AM2
493,375172.3918,6384985.389,AM2
494,374165.6689,6387906.714,AM2
495,378869.7271,6400752.914,AM2
496,377814.1483,6393662.551,AM2
497,379640.4915,6398761.945,AM2
498,374070.9714,6389164.052,AM2
499,375531.0173,6385033.125,AM2
500,382213.069,6393890.615,AM2
501,380684.961,6393957.846,AM2
502,378805.4661,6395903.341,AM2
503,382562.967,6392475.481,AM2
504,382474.8565,6391907.849,AM2
505,372808.6146,6390586.195,AM2
506,374111.9799,6387478.022,AM2
507,372181.75,6391682.59,AM2
508,377842.4611,6379122.849,AM2
509,382587.4298,6392709.725,AM2
510,379065.6365,6400554.591,AM2
511,375900.4149,6383164.908,AM2
512,375527.7458,6384095.005,AM2
513,374355.0189,6386871.227,AM2
514,374009.6919,6389632.317,AM2
515,373082.8704,6391165.733,AM2
516,371905.0577,6391887.504,AM2
517,372001.091,6391791.158,AM2
518,377663.0888,6379302.491,M1
519,374111.9799,6387478.022,M1
520,378528.8389,6374662.644,M1
521,378545.2184,6376462.495,M1
522,382320.6986,6392564.657,M1
523,376750.5807,6381832.676,M1
524,376139.5158,6391465.289,M1
525,375527.5403,6382987.269,M1
526,378806.4286,6377940.443,M1
527,374009.6919,6389632.317,M1
528,377053.6853,6380068.938,M1
529,382450.3482,6390404.03,M1
530,374558.6575,6386724.101,M1
531,376717.3845,6379973.846,M1
532,376364.3849,6381598.35,M1
533,374985.9841,6384742.43,M1
534,375746.9565,6383588.787,M1
535,377073.6202,6392814.083,M1
536,374355.0189,6386871.227,M1
537,373994.4235,6390246.421,M1
538,377208.1439,6379252.524,M1
539,376326.7322,6382288.69,M1
540,376004.4976,6382864.601,M1
541,374619.9097,6385659.274,M1
542,376364.3849,6381598.35,M1
543,376534.9639,6382660.521,M1
544,377114.6571,6377793.239,M1
545,375696.0752,6382482.635,M1
546,377506.7829,6379207.422,M1
547,376750.5807,6381832.676,M1
548,376872.4719,6379789.484,M1
549,377502.8165,6379377.026,M1
550,373082.8704,6391165.733,M1
551,374163.1766,6388772.687,M1
552,377261.4449,6378732.027,M1
553,375527.7458,6384095.005,M1
554,375981.0394,6383016.22,M1
555,377313.302,6380528.989,M1
556,377842.4611,6379122.849,M1
557,377265.7742,6380202.404,M1
558,377737.7595,6376892.79,M1
559,374009.6919,6389632.317,M1
560,375527.5403,6382987.269,M1
561,379683.4302,6392080.812,M1
562,374112.9105,6388518.128,M1
563,378792.6293,6377228.401,M1
587,375807.5725,6382489.573,M1
588,377567.4132,6377711.234,M1
589,374112.9105,6388518.128,M1
590,376489.43,6380438.947,M1
591,377265.7742,6380202.404,M1
592,377313.302,6380528.989,M1
593,377208.1439,6379252.524,M1
594,377872.3634,6378977.959,M1
595,376364.3849,6381598.35,M1
596,376750.5807,6381832.676,M1
597,376872.4719,6379789.484,M1
598,377737.7595,6376892.79,M1
599,376717.3845,6379973.846,M1
600,376566.0414,6380233.654,M1
601,377842.4611,6379122.849,M1
602,377872.3634,6378977.959,M1
603,377261.4449,6378732.027,M1
604,374355.0189,6386871.227,M1
605,378562.5212,6378418.698,M1
606,378545.2184,6376462.495,M1
607,376386.884,6391119.078,M1
608,375527.5403,6382987.269,M1
609,378792.6293,6377228.401,M1
610,383115.2375,6394687.351,M1
611,382185.0159,6393881.414,M2
612,379665.0458,6397346.304,M2
613,383054.6425,6394971.6,M2
614,379933.1495,6391919.716,M2
615,378751.7066,6391209.092,M2
616,376872.4719,6379789.484,M2
617,383526.8832,6395131.24,M2
618,375172.9576,6386511.161,M2
619,381819.2037,6392588.667,M2
620,381404.3172,6392827.681,M2
621,381229.2894,6392549.508,M2
622,382375.6318,6393717.342,M2
623,382728.9433,6394965.563,M2
624,383216.1412,6395049.996,M2
625,376567.1948,6392019.459,M2
626,380939.606,6392678.003,M2
627,376788.6741,6392401.414,M2
628,378156.9402,6390268.219,M2
629,382931.8722,6395033.363,M2
630,381117.8038,6391350.673,M2
631,380928.5524,6393053.755,M2
632,377053.6853,6380068.938,M2
633,377506.7829,6379207.422,M2
634,379683.4302,6392080.812,M2
635,378822.0013,6400582.689,AM1
636,374976.1144,6385154.796,AM1
637,375020.3614,6384992.352,AM1
638,377446.4538,6392569.184,AM1
639,379585.9368,6399704.875,AM1
640,377757.3669,6392014.154,AM1
641,377066.5712,6378800.582,AM1
642,372539.6849,6391435.462,AM1
643,379065.209,6401367.334,AM1
644,379594.9579,6399579.689,AM1
645,381117.8038,6391350.673,AM1
646,373432.8085,6389541.846,AM1
647,373784.885,6388785.645,AM1
648,373490.0938,6390277.735,AM1
649,378792.6293,6377228.401,AM1
650,378562.5212,6378418.698,AM1
651,379716.6611,6393372.973,AM1
652,377252.8338,6393735.499,AM1
653,379123.2855,6396330.755,AM1
654,379609.169,6398789.288,AM1
655,374110.3623,6388497.027,AM1
656,373194.3619,6391025.773,AM1
657,376112.6873,6391887.419,AM1
658,374837.5111,6387301.989,AM1
659,375992.9367,6384017.651,AM1
660,376092.0892,6391581.127,AM1
661,374973.0445,6386743.727,AM1
662,371619.4687,6392053.487,AM1
663,377892.3061,6392798.631,AM1
664,371855.2557,6391804.255,AM1
665,372993.5438,6391031.534,AM1
666,379679.0896,6397349.799,AM1
667,371672.635,6392006.49,AM1
668,372860.6327,6391143.497,AM1
669,381445.7873,6393524.5,AM1
670,379942.2,6391947.546,AM1
671,373216.248,6391075.95,AM1
672,379609.3303,6399009.941,AM1
673,374112.9105,6388518.128,AM1
674,374971.6435,6386332.33,AM1
675,376187.1004,6391941.566,AM1
676,374476.083,6391866.961,AM1
677,374055.8054,6391181.947,AM1
678,372864.2363,6391228.924,AM1
679,376364.3849,6381598.35,AM1
680,375981.0394,6383016.22,AM1
681,378851.7984,6394792.878,AM1
682,379546.7743,6393994.074,AM1
683,374022.2862,6389007.09,AM1
684,377842.4611,6379122.849,AM1
685,371714.0144,6391927.185,AM1
686,375807.5725,6382489.573,AM1
687,374355.0189,6386871.227,AM1
688,383115.2375,6394687.351,AM1
689,379683.4302,6392080.812,AM1
690,371905.0577,6391887.504,AM1
691,375900.4149,6383164.908,AM1
692,379594.9579,6399579.689,AM1
693,379609.169,6398789.288,AM1
694,373432.8085,6389541.846,AM1
695,372961.1139,6391212.417,AM1
696,383489.4515,6395120.825,AM1
697,379716.6611,6393372.973,AM1
698,374476.083,6391866.961,AM1
699,375139.8975,6386080.517,AM1
700,378949.5694,6394781.867,AM1
701,379650.7646,6398922.844,AM1
702,372864.2363,6391228.924,AM1
703,377492.809,6379504.419,AM1
704,375522.6492,6385402.265,AM1
705,373890.0224,6388930.016,AM1
706,373250.6767,6390139.416,AM1
707,379065.209,6401367.334,AM1
708,371672.635,6392006.49,AM1
709,378156.9402,6390268.219,AM1
710,378129.2495,6396226.649,AM1
711,378247.5472,6392378.296,AM1
712,376917.0217,6392268.83,AM1
713,374022.2862,6389007.09,AM1
714,376567.1948,6392019.459,AM1
715,375172.9576,6386511.161,AM1
716,378792.6293,6377228.401,AM1
717,379123.2855,6396330.755,AM1
718,374110.3623,6388497.027,AM1
719,373194.3619,6391025.773,AM1
720,379697.1095,6398661.726,AM1
721,379526.5528,6396682.681,AM1
722,374946.9823,6386802.168,AM1
723,377252.8338,6393735.499,AM1
724,381117.8038,6391350.673,AM1
725,374112.9105,6388518.128,AM1
726,377446.4538,6392569.184,AM1
727,372993.5438,6391031.534,AM1
728,373795.4844,6389208.248,AM1
729,371619.4687,6392053.487,AM1
730,377508.5411,6392863.783,AM1
731,374971.6435,6386332.33,AM1
732,373216.248,6391075.95,AM1
733,377892.3061,6392798.631,AM1
734,377335.0099,6390259.25,AM1
735,373007.7048,6390575.426,AM1
736,374055.8054,6391181.947,AM1
737,378562.5212,6378418.698,AM1
738,377842.4611,6379122.849,AM1
739,374355.0189,6386871.227,AM1
740,375981.0394,6383016.22,AM1
741,379609.3303,6399009.941,AM1
742,379683.4302,6392080.812,AM1
743,383115.2375,6394687.351,AM1
744,373750.3174,6388699.826,JM
745,378613.5117,6395396.503,JM
746,373958.5417,6390635.17,JM
747,375392.1506,6384288.464,JM
748,374169.785,6388546.567,JM
749,375350.5352,6385214.934,JM
750,374112.9105,6388518.128,JM
751,374947.5169,6386012.68,JM
752,374478.0594,6387090.112,JM
753,375900.4149,6383164.908,JM
754,373652.2569,6389403.807,JM
755,378901.9028,6400655.729,JM
756,373107.9494,6391031.327,JM
757,373353.7085,6390671.86,JM
758,371890.2174,6391654.456,JM
759,379694.6979,6398706.048,JM
760,371868.2292,6391853.766,JM
761,375997.4604,6392172.064,JM
762,371557.0459,6392090.384,JM
763,379744.0198,6397104.427,JM
764,373007.7048,6390575.426,JM
765,375044.3973,6386739.078,JM
766,378559.054,6392310.019,JM
767,379167.4415,6400291.927,JM
768,373194.3296,6391249.759,JM
769,373082.8704,6391165.733,JM
770,373120.5785,6391071.406,JM
771,372906.512,6390415.572,JM
772,377261.4449,6378732.027,JM
773,373183.4339,6391073.315,JM
774,378845.3075,6400597.386,JM
775,377842.4611,6379122.849,JM
776,375527.7458,6384095.005,JM
777,381663.8954,6395239.069,AF1
778,379392.0816,6394210.642,AF1
779,379114.0856,6401598.554,AF1
780,379720.1478,6398542.252,AF1
781,379352.6316,6394134.766,AF1
782,379090.1606,6400390.785,AF1
783,379633.016,6398056.659,AF1
784,378905.633,6400735.607,AF1
785,379159.9528,6400212.003,AF1
786,379517.3735,6398067.463,AF1
787,379643.4758,6399060.247,AF1
788,379000.1715,6400452.899,AF1
789,378847.9503,6400689.448,AF1
790,379065.6365,6400554.591,AF1
791,379025.1282,6400486.464,AF1
792,378822.1221,6400572.712,AF1
793,378936.0375,6400707.146,AF1
794,378869.3114,6400632.049,AF1
795,378774.3424,6400562.154,AF1
796,379876.7998,6398479.825,AF1
797,379025.1282,6400486.464,AF1
798,379548.6327,6397889.323,AF1
799,379723.0659,6397675.207,AF1
800,380928.5524,6393053.755,AF1
801,382576.8239,6392334.827,AF1
802,376917.0217,6392268.83,AF1
803,379022.4408,6401174.995,AF1
804,382345.7129,6391796.556,AF1
805,378914.7036,6399753.321,AF1
806,379733.5287,6398444.839,AF1
807,379248.6174,6399948.071,AF1
808,379117.0328,6400265.815,AF1
809,379611.0915,6399487.853,AF1
810,379609.01,6399036.548,AF1
811,379108.3251,6401453.232,AF1
812,379065.6365,6400554.591,AF1
813,379167.4415,6400291.927,AF1
814,379625.4524,6396891.219,AF1
815,378847.9503,6400689.448,AF1
816,378998.1195,6400544.904,AF1
817,379114.0856,6401598.554,AF1
818,379585.3546,6399831.271,AF1
819,379649.7823,6399472.796,AF1
820,379635.4767,6399412.749,AF1
821,378822.0013,6400582.689,AF1
822,379352.6316,6394134.766,AF1
823,379225.268,6400248.273,AF1
824,374111.9799,6387478.022,AF1
825,382040.4813,6394673.604,AF1
826,379546.7743,6393994.074,AF1
827,381229.2894,6392549.508,AF1
828,379201.0612,6400619.428,AF1
829,380287.2294,6403661.695,AF1
830,376409.1898,6381765.233,AF1
831,382931.8722,6395033.363,AF1
832,379520.1122,6399867.075,AF1
833,378822.1221,6400572.712,AF1
834,381182.9821,6392181.943,AF1
835,378936.0375,6400707.146,AF1
836,378902.8022,6400891.914,AF1
837,379683.4302,6392080.812,AF1
838,383115.2375,6394687.351,AF1
839,377872.3634,6378977.959,M1
840,376788.6741,6392401.414,M1
841,375797.2238,6383168.055,M1
842,378357.9856,6376905.955,M1
843,374009.6919,6389632.317,M1
844,377220.065,6380184.098,M1
845,379594.9579,6399579.689,M1
846,377663.0888,6379302.491,M1
847,378562.5212,6378418.698,M1
848,379123.2855,6396330.755,M1
849,375027.8218,6384995.772,M1
850,378545.2184,6376462.495,M1
851,376717.3845,6379973.846,M1
852,378792.6293,6377228.401,M1
853,372864.2363,6391228.924,M1
854,374355.0189,6386871.227,M1
855,374558.6575,6386724.101,M1
856,377265.7742,6380202.404,M1
857,377506.7829,6379207.422,M1
858,376364.3849,6381598.35,M1
859,382192.4758,6391182.69,AF2
860,382213.069,6393890.615,AF2
861,379420.6515,6393943.764,AF2
862,386149.5833,6394423.038,AF2
863,379025.1282,6400486.464,AF2
864,375295.5182,6391861.714,AF2
865,383740.8566,6393203.335,AF2
866,383586.6512,6394916.833,AF2
867,381707.1193,6393571.952,AF2
868,378761.6887,6395642.24,AF2
869,375527.7458,6384095.005,M1
870,376489.43,6380438.947,M1
871,377567.4132,6377711.234,M1
872,376717.3845,6379973.846,M1
873,375981.0394,6383016.22,M1
874,375900.4149,6383164.908,M1
875,373994.4235,6390246.421,M1
876,376004.4976,6382864.601,M1
877,376872.4719,6379789.484,M1
878,377502.8165,6379377.026,M1
879,374163.1766,6388772.687,M1
880,377114.6571,6377793.239,M1
881,377208.1439,6379252.524,M1
882,377872.3634,6378977.959,M1
883,376750.5807,6381832.676,M1
884,373082.8704,6391165.733,M1
885,377313.302,6380528.989,M1
886,376566.0414,6380233.654,M1
887,376534.9639,6382660.521,M1
888,377261.4449,6378732.027,M1
889,377265.7742,6380202.404,M1
890,375807.5725,6382489.573,M1
891,377872.3634,6378977.959,M1
892,376326.7322,6382288.69,M1
893,378545.2184,6376462.495,M1
894,374112.9105,6388518.128,M1
895,377842.4611,6379122.849,M1
896,373120.5785,6391071.406,M1
897,377737.7595,6376892.79,M1
898,376364.3849,6381598.35,M1
899,377053.6853,6380068.938,M1
900,373007.7048,6390575.426,M1
901,378792.6293,6377228.401,M1
902,374383.0214,6391058.557,AM1
903,374837.5111,6387301.989,AM1
904,373784.885,6388785.645,AM1
905,373490.0938,6390277.735,AM1
906,374845.8743,6387607.025,AM1
907,375992.9367,6384017.651,AM1
908,377757.3669,6392014.154,AM1
909,372539.6849,6391435.462,AM1
910,378822.0013,6400582.689,AM1
911,375694.7896,6384386.501,AM1
912,372860.6327,6391143.497,AM1
913,381445.7873,6393524.5,AM1
914,375020.3614,6384992.352,AM1
915,379585.9368,6399704.875,AM1
916,371855.2557,6391804.255,AM1
917,377066.5712,6378800.582,AM1
918,372993.5438,6391031.534,AM1
919,373216.248,6391075.95,AM1
920,378562.5212,6378418.698,AM1
921,371742.6926,6391959.711,AM1
922,371672.635,6392006.49,AM1
923,376112.6873,6391887.419,AM1
924,377446.4538,6392569.184,AM1
925,373432.8085,6389541.846,AM1
926,376179.9146,6381579.421,AM1
927,380928.5524,6393053.755,AM1
928,374476.083,6391866.961,AM1
929,376092.0892,6391581.127,AM1
930,374973.0445,6386743.727,AM1
931,379679.0896,6397349.799,AM1
932,379123.2855,6396330.755,AM1
933,379594.9579,6399579.689,AM1
934,381117.8038,6391350.673,AM1
935,379609.169,6398789.288,AM1
936,374110.3623,6388497.027,AM1
937,377892.3061,6392798.631,AM1
938,379942.2,6391947.546,AM1
939,373250.6767,6390139.416,AM1
940,379546.7743,6393994.074,AM1
941,378851.7984,6394792.878,AM1
942,379609.3303,6399009.941,AM1
943,378792.6293,6377228.401,AM1
944,374971.6435,6386332.33,AM1
945,372864.2363,6391228.924,AM1
946,374022.2862,6389007.09,AM1
947,375981.0394,6383016.22,AM1
948,376364.3849,6381598.35,AM1
949,371172.0633,6392465.756,AM1
950,376566.0414,6380233.654,AM1
951,375807.5725,6382489.573,AM1
952,383115.2375,6394687.351,AM1
953,371714.0144,6391927.185,AM1
954,377842.4611,6379122.849,AM1
955,374112.9105,6388518.128,AM1
956,379683.4302,6392080.812,AM1
957,375900.4149,6383164.908,AM1
958,371905.0577,6391887.504,AM1
959,377906.3347,6393339.905,M2
960,381182.9821,6392181.943,M2
961,381206.8568,6391516.946,M2
962,375522.6492,6385402.265,M2
963,379631.1066,6399463.701,M2
964,380746.4007,6392586.992,M2
965,375393.7558,6384384.953,M2
966,379272.3394,6393166.915,M2
967,381404.3172,6392827.681,M2
968,376249.9926,6391713.929,M2
969,382450.3482,6390404.03,M2
970,374478.0594,6387090.112,M2
971,381106.3321,6391368.278,M2
972,379781.3621,6392988.997,M2
973,383115.2375,6394687.351,M2
974,377492.809,6379504.419,M2
975,377313.302,6380528.989,M2
976,376359.7977,6390578.743,M2
977,376386.884,6391119.078,M2
978,378559.054,6392310.019,M2
979,375611.9925,6386359.2,M2
980,381528.5139,6390431.928,M2
981,382931.8722,6395033.363,M2
982,379546.7743,6393994.074,M2
983,379942.2,6391947.546,M2
984,378545.2184,6376462.495,M2
985,377265.7742,6380202.404,M2
986,377842.4611,6379122.849,M2
987,374070.9714,6389164.052,M2
988,375900.4149,6383164.908,M2
989,374009.6919,6389632.317,M2
990,376364.3849,6381598.35,M2
991,375052.9277,6384938.427,JM
992,379070.4497,6393715.549,JM
993,379069.7163,6400605.645,JM
994,371890.2174,6391654.456,JM
995,375044.3973,6386739.078,JM
996,377299.9397,6379637.317,JM
997,373116.8326,6391144.542,JM
998,375997.4604,6392172.064,JM
999,379445.232,6400079.062,JM
1000,379599.3506,6397888.825,JM
1001,373299.552,6391462.885,JM
1002,378845.3075,6400597.386,JM
1003,373179.3519,6391320.534,JM
1004,373082.8704,6391165.733,JM
1005,373599.4256,6390240.312,JM
1006,378881.7361,6400692.075,JM
1007,379694.6979,6398706.048,JM
1008,378039.0135,6376857.687,JM
1009,374112.9105,6388518.128,JM
1010,373007.7048,6390575.426,JM
1011,373074.2325,6391099.647,JM
1012,374474.2969,6387760.914,JM
1013,379744.0198,6397104.427,JM
1014,372950.5676,6391082.548,JM
1015,379812.4604,6397035.396,JM
1016,375696.0752,6382482.635,JM
1017,378901.9028,6400655.729,JM
1018,373194.3296,6391249.759,JM
1019,376566.0414,6380233.654,JM
1020,378708.7481,6395517.411,JM
1021,376109.95,6392183.441,JM
1022,375527.7458,6384095.005,JM
1023,375194.7975,6384096.378,JM
1024,373154.6566,6391196.03,JM
1025,379649.7823,6399472.796,JM
1026,371898.7734,6391865.246,JM
1027,373120.5785,6391071.406,JM
1028,378559.054,6392310.019,JM
1029,375981.0394,6383016.22,JM
1030,377502.8165,6379377.026,JM
1031,379167.4415,6400291.927,JM
1032,375900.4149,6383164.908,JM
1033,376534.9639,6382660.521,JM
1034,377737.7595,6376892.79,JM
1035,379611.0915,6399487.853,JM
1036,375527.5403,6382987.269,JM
1037,375527.7458,6384095.005,JM
1038,378545.2184,6376462.495,JM
1039,379665.753,6397053.589,JM
1040,373183.4339,6391073.315,JM
1041,378902.8022,6400891.914,JM
1042,375527.5403,6382987.269,M1
1043,378039.0135,6376857.687,M1
1044,376364.3849,6381598.35,M1
1045,376489.43,6380438.947,M1
1046,373994.4235,6390246.421,M1
1047,377265.7742,6380202.404,M1
1048,375223.1843,6384973.829,M1
1049,374619.9097,6385659.274,M1
1050,375044.3973,6386739.078,M1
1051,377114.6571,6377793.239,M1
1052,379665.0458,6397346.304,M1
1053,376872.4719,6379789.484,M1
1054,377313.302,6380528.989,M1
1055,377872.3634,6378977.959,M1
1056,375981.0394,6383016.22,M1
1057,377737.7595,6376892.79,M1
1058,377261.4449,6378732.027,M1
1059,375527.7458,6384095.005,M1
1060,376004.4976,6382864.601,M1
1061,376326.7322,6382288.69,M1
1062,376717.3845,6379973.846,M1
1063,377872.3634,6378977.959,M1
1064,374009.6919,6389632.317,M1
1065,378545.2184,6376462.495,M1
1066,382450.3482,6390404.03,M1
1067,374355.0189,6386871.227,M1
1068,377506.7829,6379207.422,M1
1069,377842.4611,6379122.849,M1
1070,379609.3303,6399009.941,M1
1071,375900.4149,6383164.908,M1
1072,378792.6293,6377228.401,M1
1073,379683.4302,6392080.812,M1
1074,379696.6679,6399244.948,AF1
1075,379625.4524,6396891.219,AF1
1076,379597.0641,6398936.612,AF1
1077,378964.3061,6400311.647,AF1
1078,379643.4758,6399060.247,AF1
1079,379541.6422,6400029.219,AF1
1080,379505.4909,6394070.084,AF1
1081,378848.2303,6390834.377,AF1
1082,379595.4965,6398520.794,AF1
1083,379628.1561,6397758.333,AF1
1084,379695.6588,6399016.523,AF1
1085,379532.1874,6399644.353,AF1
1086,379585.3546,6399831.271,AF1
1087,379582.783,6397860.905,AF1
1088,378901.9028,6400655.729,AF1
1089,379031.5804,6401273.789,AF1
1090,378902.8022,6400891.914,AF1
1091,378845.6149,6400882.351,AF1
1092,379656.8682,6397869.559,AF1
1093,379635.4767,6399412.749,AF1
1094,379608.1959,6399104.175,AF1
1095,379552.4457,6397417.019,AF1
1096,379626.6095,6398588.805,AF1
1097,379716.4272,6398851.562,AF1
1098,379604.1582,6398893.454,AF1
1099,379520.1122,6399867.075,AF1
1100,379378.323,6400097.105,AF1
1101,379672.3139,6397756.647,AF1
1102,378933.8513,6396621.186,AF1
1103,379649.7823,6399472.796,AF1
1104,379604.1375,6399207.244,AF1
1105,379681.3231,6398100.483,AF1
1106,379603.2624,6398499.82,AF1
1107,379707.7215,6398482.228,AF1
1108,379320.926,6400105.284,AF1
1109,379590.7746,6398288.998,AF1
1110,378844.8929,6395981.436,AF1
1111,378963.8789,6400657.587,AF1
1112,379155.3926,6400278.476,AF1
1113,378800.5677,6395997.53,AF1
1114,379611.0915,6399487.853,AF1
1115,379577.3342,6399873.308,AF1
1116,379640.6017,6398596.735,AF1
1117,379560.8164,6399840.954,AF1
1118,379167.4415,6400291.927,AF1
1119,377757.3669,6392014.154,AF1
1120,379052.3801,6400563.301,AF1
1121,379412.9752,6396601.477,AF1
1122,378847.9503,6400689.448,AF1
1123,379633.016,6398056.659,AF1
1124,378803.7609,6394883.217,AF1
1125,378869.3114,6400632.049,AF1
1126,379517.3735,6398067.463,AF1
1127,379626.9517,6398482.365,AF1
1128,379622.2512,6398170.736,AF1
1129,379025.1282,6400486.464,AF1
1130,378936.0375,6400707.146,AF1
1131,379225.268,6400248.273,AF1
1132,379683.4302,6392080.812,AF1
1133,383115.2375,6394687.351,AF1
1134,374435.5218,6391584.806,JM
1135,372906.512,6390415.572,JM
1136,373173.6415,6391105.347,JM
1137,373007.7048,6390575.426,JM
1138,379194.3414,6393872.282,JM
1139,379744.0198,6397104.427,JM
1140,379526.8691,6400007.974,JM
1141,375900.4149,6383164.908,JM
1142,373599.4256,6390240.312,JM
1143,384539.5959,6398813.058,JM
1144,380684.961,6393957.846,JM
1145,373074.2325,6391099.647,JM
1146,377088.7605,6392499.364,JM
1147,379187.3789,6400274.427,JM
1148,378803.7609,6394883.217,JM
1149,371342.2683,6392296.08,JM
1150,373293.897,6391021.494,JM
1151,379070.4497,6393715.549,JM
1152,379117.0328,6400265.815,JM
1153,373179.3519,6391320.534,JM
1154,378881.7361,6400692.075,JM
1155,379614.2794,6394156.774,JM
1156,378708.7481,6395517.411,JM
1157,376109.95,6392183.441,JM
1158,371469.6944,6392167.987,JM
1159,378914.7036,6399753.321,JM
1160,373082.8704,6391165.733,JM
1161,378901.9028,6400655.729,JM
1162,372950.5676,6391082.548,JM
1163,379812.4604,6397035.396,JM
1164,379560.8164,6399840.954,JM
1165,379611.0915,6399487.853,JM
1166,379069.7163,6400605.645,JM
1167,373194.3296,6391249.759,JM
1168,379520.1122,6399867.075,JM
1169,378845.3075,6400597.386,JM
1170,371832.4282,6391915.401,JM
1171,379167.4415,6400291.927,JM
1172,378902.8022,6400891.914,JM
1173,379990.7793,6391888.254,AM2
1174,380254.9068,6393810.77,AM2
1175,381024.2413,6392349.698,AM2
1176,381265.0459,6393646.537,AM2
1177,373443.4836,6386633.481,AM2
1178,371531.6792,6392092.275,AM2
1179,371440.7692,6392227.492,AM2
1180,375531.0173,6385033.125,AM2
1181,374070.9714,6389164.052,AM2
1182,375027.8218,6384995.772,AM2
1183,378805.4661,6395903.341,AM2
1184,379716.6611,6393372.973,AM2
1185,372336.1033,6391649.084,AM2
1186,376004.4976,6382864.601,AM2
1187,377252.8338,6393735.499,AM2
1188,376798.1908,6380563.643,AM2
1189,378708.9355,6392565.76,AM2
1190,382345.7129,6391796.556,AM2
1191,375194.7975,6384096.378,AM2
1192,381229.2894,6392549.508,AM2
1193,373183.4339,6391073.315,AM2
1194,378851.7984,6394792.878,AM2
1195,379546.7743,6393994.074,AM2
1196,379942.2,6391947.546,AM2
1197,373194.3619,6391025.773,AM2
1198,376364.3849,6381598.35,AM2
1199,381182.9821,6392181.943,AM2
1200,372808.6146,6390586.195,AM2
1201,376717.3845,6379973.846,AM2
1202,382122.5153,6394007.078,AM2
1203,371714.0144,6391927.185,AM2
1204,377335.0099,6390259.25,AM2
1205,374355.0189,6386871.227,AM2
1206,371905.0577,6391887.504,AM2
1207,372001.091,6391791.158,AM2
1208,379635.0509,6393835.471,JM
1209,373116.8326,6391144.542,JM
1210,373086.3333,6391402.514,JM
1211,373100.8241,6391148.774,JM
1212,375997.4604,6392172.064,JM
1213,380684.961,6393957.846,JM
1214,373443.4836,6386633.481,JM
1215,379599.3506,6397888.825,JM
1216,379528.3156,6399965.857,JM
1217,379131.5662,6400384.632,JM
1218,379672.3139,6397756.647,JM
1219,378881.7361,6400692.075,JM
1220,379694.6979,6398706.048,JM
1221,374238.628,6391047.867,JM
1222,372950.5676,6391082.548,JM
1223,373007.7048,6390575.426,JM
1224,378803.7609,6394883.217,JM
1225,379295.8251,6400161.53,JM
1226,374474.2969,6387760.914,JM
1227,379744.0198,6397104.427,JM
1228,378914.7036,6399753.321,JM
1229,371890.2174,6391654.456,JM
1230,378663.9849,6393792.668,JM
1231,378932.9527,6400962.133,JM
1232,378930.1974,6396225.298,JM
1233,379069.7163,6400605.645,JM
1234,373082.8704,6391165.733,JM
1235,379520.1122,6399867.075,JM
1236,379288.5096,6396566.71,JM
1237,373074.2325,6391099.647,JM
1238,379595.4965,6398520.794,JM
1239,373154.6566,6391196.03,JM
1240,379614.2794,6394156.774,JM
1241,379812.4604,6397035.396,JM
1242,379445.232,6400079.062,JM
1243,379611.0915,6399487.853,JM
1244,378901.9028,6400655.729,JM
1245,379167.4415,6400291.927,JM
1246,375900.4149,6383164.908,JM
1247,373194.3296,6391249.759,JM
1248,379649.7823,6399472.796,JM
1249,371898.7734,6391865.246,JM
1250,372906.512,6390415.572,JM
1251,373120.5785,6391071.406,JM
1252,376566.0414,6380233.654,JM
1253,379604.1375,6399207.244,JM
1254,373293.897,6391021.494,JM
1255,378845.3075,6400597.386,JM
1256,373183.4339,6391073.315,JM
1257,385634.6068,6394306.275,M1
1258,378806.4286,6377940.443,M1
1259,376409.1898,6381765.233,M1
1260,377220.065,6380184.098,M1
1261,377737.7595,6376892.79,M1
1262,383598.303,6394883.705,M1
1263,374070.9714,6389164.052,M1
1264,379665.0458,6397346.304,M1
1265,377265.7742,6380202.404,M1
1266,377506.7829,6379207.422,M1
1267,376717.3845,6379973.846,M1
1268,376872.4719,6379789.484,M1
1269,378792.6293,6377228.401,M1
1270,377053.6853,6380068.938,M1
1271,383115.2375,6394687.351,M1
1272,382450.3482,6390404.03,M1
1273,374342.5036,6388242.707,M1
1274,375997.7532,6382127.137,M1
1275,382728.9433,6394965.563,M1
1276,379721.1865,6396816.973,M1
1277,375807.5725,6382489.573,M1
1278,376416.1013,6382567.011,M1
1279,381110.0591,6391370.54,M1
1280,376739.0551,6390340.606,M1
1281,382931.8722,6395033.363,M1
1282,378559.054,6392310.019,M1
1283,372808.6146,6390586.195,M1
1284,376418.2625,6394496.942,M1
1285,376917.0217,6392268.83,M1
1286,379058.2036,6401325.115,M1
1287,379501.3291,6399866.849,M1
1288,376359.7977,6390578.743,M1
1289,382450.3482,6390404.03,M1
1290,376423.6983,6392465.647,M1
1291,376139.5158,6391465.289,M1
1292,378156.9402,6390268.219,M1
1293,377335.0099,6390259.25,M1
1294,379594.9579,6399579.689,M1
1295,379611.0915,6399487.853,M1
1296,375027.8218,6384995.772,M1
1297,379123.2855,6396330.755,M1
1298,377842.4611,6379122.849,M1
1299,379609.3303,6399009.941,M1
1300,378545.2184,6376462.495,M1
1301,379683.4302,6392080.812,M1
1302,374009.6919,6389632.317,M1
1303,381265.0459,6393646.537,M1
1304,378545.2184,6376462.495,M1
1305,376249.9926,6391713.929,M1
1306,382450.3482,6390404.03,M1
1307,379973.6785,6391749.448,M1
1308,382474.8565,6391907.849,M1
1309,379657.348,6391831.015,M1
1310,380892.2101,6392402.454,M1
1311,380939.606,6392678.003,M1
1312,382021.074,6390995.495,M1
1313,378156.9402,6390268.219,M1
1314,382587.4298,6392709.725,M1
1315,374009.6919,6389632.317,M1
1316,376139.5158,6391465.289,M1
1317,375527.5403,6382987.269,M1
1318,381206.8568,6391516.946,M1
1319,378708.9355,6392565.76,M1
1320,374111.9799,6387478.022,M1
1321,382345.7129,6391796.556,M1
1322,374558.6575,6386724.101,M1
1323,377737.7595,6376892.79,M1
1324,377842.4611,6379122.849,M1
1325,379683.4302,6392080.812,M1
1326,383115.2375,6394687.351,M1
1327,378748.2331,6391031.639,M1
1328,378988.0569,6400600.222,AF1
1329,379580.5878,6398666.976,AF1
1330,379583.8983,6399718.156,AF1
1331,379710.963,6397198.277,AF1
1332,379640.6017,6398596.735,AF1
1333,379707.7215,6398482.228,AF1
1334,380585.652,6391588.254,AF1
1335,378924.0177,6401234.789,AF1
1336,379052.3801,6400563.301,AF1
1337,382040.4813,6394673.604,AF1
1338,379697.1095,6398661.726,AF1
1339,379838.3095,6397072.297,AF1
1340,378852.016,6400663.995,AF1
1341,373107.9494,6391031.327,AF1
1342,375611.9925,6386359.2,AF1
1343,372790.454,6389361.798,AF1
1344,378845.3075,6400597.386,AF1
1345,371855.2557,6391804.255,AF1
1346,374146.3494,6391146.498,AF1
1347,373120.5785,6391071.406,AF1
1348,379679.0896,6397349.799,AF1
1349,373152.5324,6391141.67,AF1
1350,379201.0612,6400619.428,AF1
1351,379025.1282,6400486.464,AF1
1352,377654.5172,6394279.315,AF1
1353,374971.6435,6386332.33,AF1
1354,379517.9369,6397786.943,AF1
1355,378936.0375,6400707.146,AF1
1356,378822.1221,6400572.712,AF1
1357,374022.2862,6389007.09,AF1
1358,379604.1375,6399207.244,AF1
1359,379378.323,6400097.105,AF1
1360,379626.9517,6398482.365,AF1
1361,379526.5528,6396682.681,AF1
1362,379744.0198,6397104.427,AF1
1363,379022.4408,6401174.995,AF1
1364,373179.3519,6391320.534,AF1
1365,378869.3114,6400632.049,AF1
1366,379622.2512,6398170.736,AF1
1367,379520.1122,6399867.075,AF1
1368,371180.285,6392265.16,AF1
1369,376386.884,6391119.078,AF1
1370,373652.2569,6389403.807,M1
1371,374619.9097,6385659.274,M1
1372,374947.5169,6386012.68,M1
1373,375030.092,6385636.711,M1
1374,375355.0618,6384853.509,M1
1375,375696.0752,6382482.635,M1
1376,375527.7458,6384095.005,M1
1377,375194.7975,6384096.378,M1
1378,375172.3918,6384985.389,M1
1379,374478.0594,6387090.112,M1
1380,377053.6853,6380068.938,M1
1381,377502.8165,6379377.026,M1
1382,373120.5785,6391071.406,M1
1383,375044.3973,6386739.078,M1
1384,376566.0414,6380233.654,M1
1385,376364.3849,6381598.35,M1
1386,377663.0888,6379302.491,M1
1387,376386.884,6391119.078,M1
1388,375807.5725,6382489.573,M1
1389,376326.7322,6382288.69,M1
1390,377313.302,6380528.989,M1
1391,374112.9105,6388518.128,M1
1392,377737.7595,6376892.79,M1
1393,373890.0224,6388930.016,M1
1394,375527.5403,6382987.269,M1
1395,373082.8704,6391165.733,M1
1396,373007.7048,6390575.426,M1
1397,374009.6919,6389632.317,M1
1398,378545.2184,6376462.495,M1
1399,377842.4611,6379122.849,M1
1400,378792.6293,6377228.401,M1
1401,379683.4302,6392080.812,M1
1402,375900.4149,6383164.908,M1
1403,375981.0394,6383016.22,M1
1404,375648.2648,6384582.184,M1
1405,381106.3321,6391368.278,M1
1406,377335.0099,6390259.25,M1
1407,373216.248,6391075.95,M1
1408,376092.0892,6391581.127,M1
1409,374973.0445,6386743.727,M1
1410,376179.9146,6381579.421,M1
1411,371619.4687,6392053.487,M1
1412,372961.1139,6391212.417,M1
1413,376788.6741,6392401.414,M1
1414,381110.0591,6391370.54,M1
1415,379942.2,6391947.546,M1
1416,373250.6767,6390139.416,M1
1417,382450.3482,6390404.03,M1
1418,374355.0189,6386871.227,M1
1419,376671.618,6381017.807,M1
1420,372864.2363,6391228.924,M1
1421,373432.8085,6389541.846,M1
1422,374845.8743,6387607.025,M1
1423,378357.9856,6376905.955,M1
1424,379665.0458,6397346.304,M1
1425,379123.2855,6396330.755,M1
1426,379594.9579,6399579.689,M1
1427,376386.884,6391119.078,M1
1428,377261.4449,6378732.027,M1
1429,375527.5403,6382987.269,M1
1430,376750.5807,6381832.676,M1
1431,376566.0414,6380233.654,M1
1432,373083.0376,6391145.221,M1
1433,378562.5212,6378418.698,M1
1434,377737.7595,6376892.79,M1
1435,376364.3849,6381598.35,M1
1436,378792.6293,6377228.401,M1
1437,375807.5725,6382489.573,M1
1438,374070.9714,6389164.052,M1
1439,374009.6919,6389632.317,M1
1440,376717.3845,6379973.846,M1
1441,379609.3303,6399009.941,M1
1442,377842.4611,6379122.849,M1
1443,379683.4302,6392080.812,M1
1444,377508.5411,6392863.783,AM2
1445,379614.2794,6394156.774,AM2
1446,376109.95,6392183.441,AM2
1447,382122.5153,6394007.078,AM2
1448,374566.3543,6390323.822,AM2
1449,374566.3543,6390323.822,AM2
1450,379851.9617,6391881.04,AM2
1451,374223.8291,6391253.924,AM2
1452,374290.3208,6391041.866,AM2
1453,376798.1908,6380563.643,AM2
1454,375194.7975,6384096.378,AM2
1455,378708.9355,6392565.76,AM2
1456,376187.1004,6391941.566,AM2
1457,374165.6689,6387906.714,AM2
1458,373183.4339,6391073.315,AM2
1459,373795.4844,6389208.248,AM2
1460,375883.9078,6382008.179,AM2
1461,374163.1766,6388772.687,AM2
1462,378869.7271,6400752.914,AM2
1463,374111.9799,6387478.022,AM2
1464,379288.5096,6396566.71,AM2
1465,377814.1483,6393662.551,AM2
1466,380684.961,6393957.846,AM2
1467,378805.4661,6395903.341,AM2
1468,382562.967,6392475.481,AM2
1469,371440.7692,6392227.492,AM2
1470,382474.8565,6391907.849,AM2
1471,371531.6792,6392092.275,AM2
1472,378851.7984,6394792.878,AM2
1473,372876.2796,6391241.275,AM2
1474,374070.9714,6389164.052,AM2
1475,379608.0739,6399504.449,AM2
1476,375900.4149,6383164.908,AM2
1477,371742.6926,6391959.711,AM2
1478,382375.6318,6393717.342,AM2
1479,382213.069,6393890.615,AM2
1480,379640.4915,6398761.945,AM2
1481,372808.6146,6390586.195,AM2
1482,375531.0173,6385033.125,AM2
1483,382587.4298,6392709.725,AM2
1484,375527.7458,6384095.005,AM2
1485,373083.0376,6391145.221,AM2
1486,373194.3296,6391249.759,AM2
1487,379065.6365,6400554.591,AM2
1488,373082.8704,6391165.733,AM2
1489,374009.6919,6389632.317,AM2
1490,374355.0189,6386871.227,AM2
1491,372181.75,6391682.59,AM2
1492,377842.4611,6379122.849,AM2
1493,372001.091,6391791.158,AM2
1494,371905.0577,6391887.504,AM2
1495,374111.9799,6387478.022,M2
1496,377872.3634,6378977.959,M2
1497,382480.6239,6394606.722,M2
1498,382120.9496,6393265.276,M2
1499,380454.8284,6393264.309,M2
1500,376228.2592,6381762.982,M2
1501,386077.448,6394410.019,M2
1502,377261.4449,6378732.027,M2
1503,384672.3915,6394550.227,M2
1504,376139.5158,6391465.289,M2
1505,376359.7977,6390578.743,M2
1506,378708.7481,6395517.411,M2
1507,382122.5153,6394007.078,M2
1508,377519.2745,6394896.375,M2
1509,377872.3634,6378977.959,M2
1510,378748.2331,6391031.639,M2
1511,383115.2375,6394687.351,M2
1512,380928.5524,6393053.755,M2
1513,379665.753,6397053.589,M2
1514,382474.8565,6391907.849,M2
1515,372906.512,6390415.572,M2
1516,377506.7829,6379207.422,M2
1517,379665.0458,6397346.304,M2
1518,381024.2413,6392349.698,M2
1519,382587.4298,6392709.725,M2
1520,375900.4149,6383164.908,M2
1521,377737.7595,6376892.79,M2
1543,378753.1319,6395032.292,M1
1544,378933.8513,6396621.186,M1
1545,377160.2093,6379490.332,M1
1546,380578.3151,6391887.543,M1
1547,383115.2375,6394687.351,M1
1548,379665.753,6397053.589,M1
1549,376416.1013,6382567.011,M1
1550,376671.618,6381017.807,M1
1551,381182.9821,6392181.943,M1
1552,372790.454,6389361.798,M1
1553,379520.1122,6399867.075,M1
1554,376423.6983,6392465.647,M1
1555,376139.5158,6391465.289,M1
1556,374070.9714,6389164.052,M1
1557,377335.0099,6390259.25,M1
1558,378156.9402,6390268.219,M1
1559,375807.5725,6382489.573,M1
1560,376750.5807,6381832.676,M1
1561,376386.884,6391119.078,M1
1562,379609.3303,6399009.941,M1
1563,377842.4611,6379122.849,M1
1564,379683.4302,6392080.812,M1
1565,371445.433,6392229.77,AM2
1566,383052.6148,6396989.569,AM2
1567,379012.914,6401185.968,AM2
1568,378805.4661,6395903.341,AM2
1569,375295.5182,6391861.714,AM2
1570,375223.1843,6384973.829,AM2
1571,374290.3208,6391041.866,AM2
1572,377814.1483,6393662.551,AM2
1573,376798.1908,6380563.643,AM2
1574,373194.3619,6391025.773,AM2
1575,371064.5964,6392719.403,AM2
1576,383660.1357,6393122.562,M2
1577,383569.6004,6393319.979,M2
1578,379665.753,6397053.589,M2
1579,381206.8568,6391516.946,M2
1580,386226.1593,6394458.283,M2
1581,379933.1495,6391919.716,M2
1582,378748.2331,6391031.639,M2
1583,386149.5833,6394423.038,M2
1584,383115.2375,6394687.351,M2
1585,381404.3172,6392827.681,M2
1586,381707.1193,6393571.952,M2
1587,378156.9402,6390268.219,M2
1588,381024.2413,6392349.698,M2
1589,382122.5153,6394007.078,M2
1590,382931.8722,6395033.363,M2
1591,379123.2855,6396330.755,M2
1592,379665.0458,6397346.304,M2
1593,379683.4302,6392080.812,M2
1594,376326.7322,6382288.69,M1
1595,382021.074,6390995.495,M1
1596,377265.7742,6380202.404,M1
1597,377208.1439,6379252.524,M1
1598,374619.9097,6385659.274,M1
1599,377261.4449,6378732.027,M1
1600,377872.3634,6378977.959,M1
1601,373994.4235,6390246.421,M1
1602,378562.5212,6378418.698,M1
1603,376534.9639,6382660.521,M1
1604,375527.5403,6382987.269,M1
1605,376750.5807,6381832.676,M1
1606,376566.0414,6380233.654,M1
1607,376386.884,6391119.078,M1
1608,378792.6293,6377228.401,M1
1609,377842.4611,6379122.849,M1
1610,374009.6919,6389632.317,M1
1611,383740.8566,6393203.335,M2
1612,378761.6887,6395642.24,M2
1613,383078.6201,6395008.471,M2
1614,384672.3915,6394550.227,M2
1615,377446.4538,6392569.184,M2
1616,382192.4758,6391182.69,M2
1617,379420.6515,6393943.764,M2
1618,382931.8722,6395033.363,M2
1619,379721.1865,6396816.973,M2
1620,377892.3061,6392798.631,M2
1621,382213.069,6393890.615,M2
1622,381024.2413,6392349.698,M2
1623,377519.2745,6394896.375,M2
1624,383115.2375,6394687.351,M2
1625,379665.753,6397053.589,M2
1626,382122.5153,6394007.078,M2
1627,381182.9821,6392181.943,M2
1628,376326.7322,6382288.69,M1
1629,375350.5352,6385214.934,M1
1630,375223.1843,6384973.829,M1
1631,375696.0752,6382482.635,M1
1632,377502.8165,6379377.026,M1
1633,377313.302,6380528.989,M1
1634,376364.3849,6381598.35,M1
1635,376004.4976,6382864.601,M1
1636,375194.7975,6384096.378,M1
1637,376872.4719,6379789.484,M1
1638,377053.6853,6380068.938,M1
1639,373083.0376,6391145.221,M1
1640,376534.9639,6382660.521,M1
1641,373890.0224,6388930.016,M1
1642,375981.0394,6383016.22,M1
1643,377737.7595,6376892.79,M1
1644,376187.1004,6391941.566,M1
1645,376386.884,6391119.078,M1
1646,377265.7742,6380202.404,M1
1647,374163.1766,6388772.687,M1
1648,378792.6293,6377228.401,M1
1649,374112.9105,6388518.128,M1
1650,375527.7458,6384095.005,M1
1651,375900.4149,6383164.908,M1
1652,373082.8704,6391165.733,M1
1653,374070.9714,6389164.052,M1
1654,378545.2184,6376462.495,M1
1655,373007.7048,6390575.426,M1
1656,374009.6919,6389632.317,M1
1657,379683.4302,6392080.812,M1
1658,380569.7579,6391739.97,M2
1659,375527.5403,6382987.269,M2
1660,376228.2592,6381762.982,M2
1661,380928.5524,6393053.755,M2
1662,379665.753,6397053.589,M2
1663,376409.1898,6381765.233,M2
1664,377252.8338,6393735.499,M2
1665,378545.2184,6376462.495,M2
1666,376671.618,6381017.807,M2
1667,381229.2894,6392549.508,M2
1668,374009.6919,6389632.317,M2
1669,381182.9821,6392181.943,M2
1670,376139.5158,6391465.289,M2
1671,379123.2855,6396330.755,M2
1672,379594.9579,6399579.689,M2
1673,375900.4149,6383164.908,M2
1674,375981.0394,6383016.22,M2
1675,376717.3845,6379973.846,M2
1676,383115.2375,6394687.351,M2
1677,379683.4302,6392080.812,M2
1688,378869.7271,6400752.914,AM2
1689,377814.1483,6393662.551,AM2
1690,374165.6689,6387906.714,AM2
1691,372336.1033,6391649.084,AM2
1692,374558.6575,6386724.101,AM2
1693,378663.9849,6393792.668,AM2
1694,381052.0383,6391750.167,AM2
1695,373194.3296,6391249.759,AM2
1696,380390.2138,6393956.536,AM2
1697,372181.75,6391682.59,AM2
1698,376798.1908,6380563.643,AM2
1699,376109.95,6392183.441,AM2
1700,379579.3887,6392224.81,AM2
1701,371531.6792,6392092.275,AM2
1702,378851.7984,6394792.878,AM2
1703,379608.0739,6399504.449,AM2
1704,375900.4149,6383164.908,AM2
1705,373795.4844,6389208.248,AM2
1706,375797.2238,6383168.055,AM2
1707,381819.2037,6392588.667,AM2
1708,382553.7902,6392537.465,AM2
1709,374163.1766,6388772.687,AM2
1710,374111.9799,6387478.022,AM2
1711,371440.7692,6392227.492,AM2
1712,373183.4339,6391073.315,AM2
1713,382375.6318,6393717.342,AM2
1714,379288.5096,6396566.71,AM2
1715,375223.1843,6384973.829,AM2
1716,374290.3208,6391041.866,AM2
1717,379640.4915,6398761.945,AM2
1718,375531.0173,6385033.125,AM2
1719,382474.8565,6391907.849,AM2
1720,382587.4298,6392709.725,AM2
1721,376187.1004,6391941.566,AM2
1722,371742.6926,6391959.711,AM2
1723,375194.7975,6384096.378,AM2
1724,382122.5153,6394007.078,AM2
1725,381024.2413,6392349.698,AM2
1726,372808.6146,6390586.195,AM2
1727,379065.6365,6400554.591,AM2
1728,377663.0888,6379302.491,AM2
1729,373083.0376,6391145.221,AM2
1730,374070.9714,6389164.052,AM2
1731,373082.8704,6391165.733,AM2
1732,374009.6919,6389632.317,AM2
1733,371905.0577,6391887.504,AM2
1734,372001.091,6391791.158,AM2
1735,379500.4122,6399787.005,AF1
1736,379000.1715,6400452.899,AF1
1737,378847.9503,6400689.448,AF1
1738,379574.5939,6402130.782,AF1
1739,378905.633,6400735.607,AF1
1740,378987.312,6401205.617,AF1
1741,379681.3231,6398100.483,AF1
1742,379058.2036,6401325.115,AF1
1743,379572.6629,6397999.383,AF1
1744,379603.2624,6398499.82,AF1
1745,379495.7075,6399865.673,AF1
1746,379626.9517,6398482.365,AF1
1747,373530.6967,6390183.999,AF1
1748,379812.4604,6397035.396,AF1
1749,378803.7609,6394883.217,AF1
1750,378904.1441,6400936.282,AF1
1751,378156.9402,6390268.219,AF1
1752,378932.9527,6400962.133,AF1
1753,378930.1974,6396225.298,AF1
1754,379412.9752,6396601.477,AF1
1755,379057.2603,6400314.989,AF1
1756,379020.3503,6401347.942,AF1
1757,379560.8164,6399840.954,AF1
1758,378944.1948,6400576.407,AF1
1759,378963.8789,6400657.587,AF1
1760,379727.8573,6400244.348,AF1
1761,378868.7211,6400603.214,AF1
1762,379584.8775,6399714.841,AF1
1763,381710.3735,6394644.197,AF1
1764,379507.2667,6399997.759,AF1
1765,379614.3782,6396719.221,AF1
1766,379471.529,6400079.379,AF1
1767,379548.0235,6398797.422,AF1
1768,379649.7823,6399472.796,AF1
1769,379153.3717,6401457.102,AF1
1770,378872.0213,6401184.264,AF1
1771,379648.6264,6397774.103,AF1
1772,379602.4493,6399659.613,AF1
1773,379577.3342,6399873.308,AF1
1774,379131.5662,6400384.632,AF1
1775,378841.7265,6400350.081,AF1
1776,374946.9823,6386802.168,AF1
1777,379031.5804,6401273.789,AF1
1778,379225.268,6400248.273,AF1
1779,378855.6256,6400598.62,AF1
1780,378941.3272,6401201.734,AF1
1781,378988.0569,6400600.222,AF1
1782,379582.783,6397860.905,AF1
1783,379394.4458,6400006.378,AF1
1784,379187.3789,6400274.427,AF1
1785,379108.3251,6401453.232,AF1
1786,379065.6365,6400554.591,AF1
1787,379720.1478,6398542.252,AF1
1788,379057.522,6401459.271,AF1
1789,379585.9368,6399704.875,AF1
1790,378902.8022,6400891.914,AF1
1791,378869.3114,6400632.049,AF1
1792,376249.9926,6391713.929,AF1
1793,378936.0375,6400707.146,AF1
1794,379155.3926,6400278.476,AF1
1795,379114.0856,6401598.554,AF1
1796,379640.6017,6398596.735,AF1
1797,379665.753,6397053.589,AF1
1798,378822.1221,6400572.712,AF1
1799,379520.1122,6399867.075,AF1
1800,379609.3303,6399009.941,AF1
1801,378869.3114,6400632.049,AF1
1802,379611.0915,6399487.853,AF1
1803,375900.4149,6383164.908,AF1
1804,380555.0495,6393988.448,M2
1805,383078.6201,6395008.471,M2
1806,381707.1193,6393571.952,M2
1807,379876.7998,6398479.825,M2
1808,382223.2619,6390880.352,M2
1809,382192.4758,6391182.69,M2
1810,381404.3172,6392827.681,M2
1811,378761.6887,6395642.24,M2
1812,383115.2375,6394687.351,M2
1813,379665.753,6397053.589,M2
1814,379611.0915,6399487.853,M2
1815,382450.3482,6390404.03,M2
1816,376750.5807,6381832.676,M1
1817,375854.7753,6392173.616,M1
1818,377053.6853,6380068.938,M1
1819,376671.618,6381017.807,M1
1820,379194.4171,6390687.778,M1
1821,380578.3151,6391887.543,M1
1822,381528.5139,6390431.928,M1
1823,377335.0099,6390259.25,M1
1824,376249.9926,6391713.929,M1
1825,376416.1013,6382567.011,M1
1826,378357.9856,6376905.955,M1
1827,377757.3669,6392014.154,M1
1828,376788.6741,6392401.414,M1
1829,375027.8218,6384995.772,M1
1830,377506.7829,6379207.422,M1
1831,374070.9714,6389164.052,M1
1832,379665.0458,6397346.304,M1
1833,376386.884,6391119.078,M1
1834,376364.3849,6381598.35,M1
1835,376717.3845,6379973.846,M1
1836,383115.2375,6394687.351,M1
1837,382450.3482,6390404.03,M1
1838,379609.3303,6399009.941,M1
1839,379683.4302,6392080.812,M1
1840,374290.3208,6391041.866,AM2
1841,379579.3887,6392224.81,AM2
1842,378851.7984,6394792.878,AM2
1843,377506.7829,6379207.422,AM2
1844,381052.0383,6391750.167,AM2
1845,375531.0173,6385033.125,AM2
1846,380390.2138,6393956.536,AM2
1847,378869.7271,6400752.914,AM2
1848,377508.5411,6392863.783,AM2
1849,379288.5096,6396566.71,AM2
1850,377814.1483,6393662.551,AM2
1851,379614.2794,6394156.774,AM2
1852,378805.4661,6395903.341,AM2
1853,379194.3414,6393872.282,AM2
1854,374566.3543,6390323.822,AM2
1855,379608.0739,6399504.449,AM2
1856,381819.2037,6392588.667,AM2
1857,379851.9617,6391881.04,AM2
1858,382474.8565,6391907.849,AM2
1859,382587.4298,6392709.725,AM2
1860,379640.4915,6398761.945,AM2
1861,376187.1004,6391941.566,AM2
1862,372336.1033,6391649.084,AM2
1863,378663.9849,6393792.668,AM2
1864,376798.1908,6380563.643,AM2
1865,382562.967,6392475.481,AM2
1866,374165.6689,6387906.714,AM2
1867,373083.0376,6391145.221,AM2
1868,373795.4844,6389208.248,AM2
1869,378748.2331,6391031.639,AM2
1870,381024.2413,6392349.698,AM2
1871,373183.4339,6391073.315,AM2
1872,377335.0099,6390259.25,AM2
1873,374163.1766,6388772.687,AM2
1874,382213.069,6393890.615,AM2
1875,376109.95,6392183.441,AM2
1876,379942.2,6391947.546,AM2
1877,379065.6365,6400554.591,AM2
1878,372808.6146,6390586.195,AM2
1879,374070.9714,6389164.052,AM2
1880,382122.5153,6394007.078,AM2
1881,373315.0633,6390758.968,AM2
1882,374355.0189,6386871.227,AM2
1883,374009.6919,6389632.317,AM2
1884,371905.0577,6391887.504,AM2
1885,372001.091,6391791.158,AM2
1886,378835.8889,6400521.874,AF1
1887,379163.6946,6396095.068,AF1
1888,378998.1195,6400544.904,AF1
1889,378936.0375,6400707.146,AF1
1890,378669.7207,6394788.45,AF1
1891,377252.8338,6393735.499,AF1
1892,379590.7746,6398288.998,AF1
1893,378942.4789,6400873.544,AF1
1894,378947.4568,6400850.32,AF1
1895,378930.617,6400766.956,AF1
1896,378876.1011,6400459.159,AF1
1897,379561.7593,6399684.625,AF1
1898,378855.0082,6400649.617,AF1
1899,379526.5528,6396682.681,AF1
1900,379501.3291,6399866.849,AF1
1901,378933.6556,6396327.35,AF1
1902,379155.3926,6400278.476,AF1
1903,379394.4458,6400006.378,AF1
1904,379686.0837,6398875.591,AF1
1905,379942.2,6391947.546,AF1
1906,380067.621,6392444.691,AF1
1907,379108.394,6400358.85,AF1
1908,378917.5221,6400995.21,AF1
1909,379628.1561,6397758.333,AF1
1910,379412.9752,6396601.477,AF1
1911,379020.3503,6401347.942,AF1
1912,381195.138,6394551.594,AF1
1913,379656.8682,6397869.559,AF1
1914,379609.3303,6399009.941,AF1
1915,379633.016,6398056.659,AF1
1916,379707.7215,6398482.228,AF1
1917,378803.7609,6394883.217,AF1
1918,378868.7211,6400603.214,AF1
1919,373270.8102,6390918.079,AF1
1920,378988.0569,6400600.222,AF1
1921,379114.0856,6401598.554,AF1
1922,377654.5172,6394279.315,AF1
1923,378822.1221,6400572.712,AF1
1924,379517.3735,6398067.463,AF1
1925,373443.4836,6386633.481,AF1
1926,382931.8722,6395033.363,AF1
1927,382728.9433,6394965.563,AF1
1928,379604.1375,6399207.244,AF1
1929,379225.268,6400248.273,AF1
1930,379052.3801,6400563.301,AF1
1931,372790.454,6389361.798,AF1
1932,379611.0915,6399487.853,AF1
1933,379626.9517,6398482.365,AF1
1934,379622.2512,6398170.736,AF1
1935,379022.4408,6401174.995,AF1
1936,379990.7793,6391888.254,AM2
1937,380254.9068,6393810.77,AM2
1938,372336.1033,6391649.084,AM2
1939,373443.4836,6386633.481,AM2
1940,375531.0173,6385033.125,AM2
1941,381052.0383,6391750.167,AM2
1942,378708.9355,6392565.76,AM2
1943,382345.7129,6391796.556,AM2
1944,373194.3296,6391249.759,AM2
1945,379716.6611,6393372.973,AM2
1946,374070.9714,6389164.052,AM2
1947,376004.4976,6382864.601,AM2
1948,376798.1908,6380563.643,AM2
1949,375027.8218,6384995.772,AM2
1950,377252.8338,6393735.499,AM2
1951,372808.6146,6390586.195,AM2
1952,379942.2,6391947.546,AM2
1953,381229.2894,6392549.508,AM2
1954,382122.5153,6394007.078,AM2
1955,373183.4339,6391073.315,AM2
1956,378851.7984,6394792.878,AM2
1957,381182.9821,6392181.943,AM2
1958,379546.7743,6393994.074,AM2
1959,381024.2413,6392349.698,AM2
1960,376717.3845,6379973.846,AM2
1961,377335.0099,6390259.25,AM2
1962,374355.0189,6386871.227,AM2
1963,376364.3849,6381598.35,AM2
1964,371714.0144,6391927.185,AM2
1965,372001.091,6391791.158,AM2
1966,371905.0577,6391887.504,AM2
1967,376386.884,6391119.078,M1
1968,375172.3918,6384985.389,M1
1969,376423.6983,6392465.647,M1
1970,379194.4171,6390687.778,M1
1971,379058.2036,6401325.115,M1
1972,378806.4286,6377940.443,M1
1973,375027.8218,6384995.772,M1
1974,375807.5725,6382489.573,M1
1975,377053.6853,6380068.938,M1
1976,374111.9799,6387478.022,M1
1977,373994.4235,6390246.421,M1
1978,375900.4149,6383164.908,M1
1979,376750.5807,6381832.676,M1
1980,375981.0394,6383016.22,M1
1981,374070.9714,6389164.052,M1
1982,378545.2184,6376462.495,M1
1983,376364.3849,6381598.35,M1
1984,374009.6919,6389632.317,M1
1985,376717.3845,6379973.846,M1
1986,377842.4611,6379122.849,M1
1987,379683.4302,6392080.812,M1
1988,379716.9117,6398498.97,AM1
1989,383489.4515,6395120.825,AM1
1990,379065.209,6401367.334,AM1
1991,379716.6611,6393372.973,AM1
1992,381117.8038,6391350.673,AM1
1993,371672.635,6392006.49,AM1
1994,382444.9126,6392139.234,AM1
1995,381712.6062,6394455.728,AM1
1996,381441.5761,6394195.272,AM1
1997,379210.3072,6392708.226,AM1
1998,378712.2169,6395618.355,AM1
1999,374271.3294,6388901.569,AM1
2000,379411.0035,6400035.407,AM1
2001,378129.2495,6396226.649,AM1
2002,374946.9823,6386802.168,AM1
2003,378949.5694,6394781.867,AM1
2004,379532.8515,6398029.95,AM1
2005,377492.809,6379504.419,AM1
2006,373890.0224,6388930.016,AM1
2007,374022.2862,6389007.09,AM1
2008,376567.1948,6392019.459,AM1
2009,378809.5425,6395180.448,AM1
2010,373250.6767,6390139.416,AM1
2011,378792.6293,6377228.401,AM1
2012,378562.5212,6378418.698,AM1
2013,373194.3619,6391025.773,AM1
2014,375172.9576,6386511.161,AM1
2015,374476.083,6391866.961,AM1
2016,373044.1773,6390954.006,AM1
2017,378868.7211,6400603.214,AM1
2018,379526.5528,6396682.681,AM1
2019,372864.2363,6391228.924,AM1
2020,377252.8338,6393735.499,AM1
2021,379609.169,6398789.288,AM1
2022,379650.7646,6398922.844,AM1
2023,371619.4687,6392053.487,AM1
2024,374971.6435,6386332.33,AM1
2025,377335.0099,6390259.25,AM1
2026,372961.1139,6391212.417,AM1
2027,374112.9105,6388518.128,AM1
2028,372993.5438,6391031.534,AM1
2029,379594.9579,6399579.689,AM1
2030,373795.4844,6389208.248,AM1
2031,373432.8085,6389541.846,AM1
2032,374110.3623,6388497.027,AM1
2033,379123.2855,6396330.755,AM1
2034,372808.6146,6390586.195,AM1
2035,373183.4339,6391073.315,AM1
2036,373007.7048,6390575.426,AM1
2037,374355.0189,6386871.227,AM1
2038,377842.4611,6379122.849,AM1
2039,383115.2375,6394687.351,AM1
2040,371905.0577,6391887.504,AM1
2041,379683.4302,6392080.812,AM1
2042,383740.8566,6393203.335,M2
2043,382192.4758,6391182.69,M2
2044,381707.1193,6393571.952,M2
2045,382213.069,6393890.615,M2
2046,379420.6515,6393943.764,M2
2047,379025.1282,6400486.464,M2
2048,378761.6887,6395642.24,M2
2049,379665.0458,6397346.304,M2
2050,378803.7609,6394883.217,M2
2051,386149.5833,6394423.038,M2
2052,379590.7746,6398288.998,M2
2053,383053.2235,6395012.609,M2
2054,380555.0495,6393988.448,M2
2055,379665.753,6397053.589,M2
2056,386077.448,6394410.019,M2
2057,384672.3915,6394550.227,M2
